Username,Comment,Target
ANDY TORAJA ,"tapi sy heran knp tdk dari awal di persoalkan pd hal prabowo gibran pling lmbt mndaftar ke kpu .
smata mata ada apa bgtu",0
Juan Felix Michael ,jelas2.... pemungutan ulang dan 02 didiskualifikasi,0
818anakrantau ,"trus apa fungsi dkpp ketika ada pelanggaran tpi tidak memberi sanksi tegas
apa hanya sebatas teguran ğŸ™",1
ArayamirShop ,"Yakin Pemilu ulang, KPU sdh jadwalkan bulan Juni utk pemilu ulang",0
Faizi ,02 Nyungsep,0
MasWiyadiğŸ’§ ,"etiknya tdk berkaitan hukumnya ğŸ¤”ğŸ¤”ğŸ¤”
terus pelanggaran etik itu, yg dilanggar apa yahh...ğŸ˜¬ğŸ˜¬ğŸ˜¬",1
Ghayul store 97 ,melanggar etik itu bukn brrty mlnggar hukum,1
edeilweiskesumawijaya ,artinya jelas ada pelanggaran etik yg dilakukan kpu yg seharsnya kpu menolak pendaftran cawapres yg tdk memenuhi syart,1
SagitariusBoys â™ ,DKPP yg penting cuan boss ğŸ¤ª,0
Hukum mati Koruptor ,02 dikualifikasi sudah jelas,0
Kang Ghosting ,PEMILU ULANG & 02 DI DISKUALIFIKASI ğŸ™,0
ghost_mistiz ,woii ....presiden dibawah 40 thn di luar negeri banyak,1
ğŸ ,02 didiskualifikasi,0
Koran_Aceh ,"Jangan berbelit - belit dkpp, mengapa peringatan terakhir sampai tiga kali",1
Badar@umam ,positif gibran nga ikut pemilihan ualng,0
AN.YUN ,02.keok,0
Ndys ap ,"DKPP sdah sesuai tupoksinya..
siapa yg melanggar putusan MK maka mereka melanggar UUD..",1
BG DEX ,Semua takut karena surat presiden ke KPU tentang menyetujui pencalonan anaknya sebagai wapres...,0
not mee ,DKKP takut juga mediskualifikasi gibran makanya keterangnya bgtu.,0
lisağŸ˜ ,udah jlas 02 di diskualifikasi,0
A.Diansyah ,putusan MK aja bisa meski Ketua MK sebelumnya di berhentikan. pasti bisa dg turunan turunan dan putusan putusan,1
inem_ngejrenx ,trus DKPP hanya pemantau etik KPU nya aja? kelanjutannya apa actionnya? Fungsinya lembaga ini apa?,1
Masniati ,yg jelas. pemilu d ulang lg,0
Antoeaditia ,01 03 pemilu ulang tanpa 02ğŸ‘ğŸ‘,0
ranger biru ğŸ’¢ ,dkpp pihak 02,0
INDAR ,pemilu ulang dr awal semua ....,0
Masyarakat Kecil Peduli NKRI ,Didiskualifikasi 02 ğŸ˜,0
fahmisukahar ,gak bisa menjelaskan krn takut sama joko,0
shvjbvbhg ,fix diskualifikasi 02 wassalam,0
Deva ,semua akarny samsul ya ğŸ˜€,0
pak usu ,alhamdulilah dgn izin ALLAH udh terbukti pemungutan ulang,0
workshopakrilikparigi ,berawal dr keputusan paman ğŸ¤£ğŸ¤£ğŸ¤£,1
S.A CHANNEL ,DKPP keliatan masih was2 memberikan alasan2 konkrit ...dan ini sangat membuka tafsiran hukum MK..,1
#KUCIANG GAROENG# ,sangsi gk da ğŸ˜³ğŸ˜³,1
trihardono37 ,"DKPP, KPU, Bawaslu pro djokowee",0
Bie_fm ,sumber pelanggaran nya dr MK ya harus di benerin di MK juga..,1
Khumiyatul ,dkpp takut bossnya,0
Soundrenaline Rumi ,apapun alasanya aturan tetep aturan yang wajib di taati oleh siapapun . itu intinya,1
Anandasyah ,risalah sidang ngga di publis? ğŸ˜,1
santoso ,dkpp (duit komisi piro pak),0
Rajanta Pabrian ,isinya 01 dan 03...hahahaa,0
Agam.bjgr ,kenapa ngk di permasalahkan sebelum pilpres ya.,0
telihan's ,"JIKA DLM PELANGGARAN ETIKA TERSEBUT TERNYATA MENIMBULKAN KERUGIAN, MAKA YG MERASA DIRUGIKAN BERHAK MELAKUKAN TUNTUTAN KE MK",1
BAYO SUTI SIGORAON ,"semua melanggar etik, tp kt harus maju terus itu intinya..hahahaaaakkk...",1
Khairul Amri ,kan ketua mk nya paman dia bang gimana sih mikir aja sendiri,1
Ai Gaming Project ,yg meloloskan gibran bermula dari MK ndk mungkin MK bakal membatalkan pencalonan gibran,1
thv2 ,"berubah rubah ihhh, ini kalau a ga bisa ganti b ganti lg c dst. kapan beresnya ğŸ¤£",1
F ,Kesimpulannya ini udh sahhğŸ˜‚,1
Dewi awan ,sebener nya ketua KPU nya juga ragu ke absahan pencalonan Gobran,0
Hasrul Andestapa ,tetap 02 menang,1
Noer Noer ,sudah jelaskan Prabowo tetap presiden Indonesia ğŸ¤£ğŸ¤£ğŸ¤£ğŸ¤£ğŸ¤£ğŸ¤£ğŸ¤£,1
A&A ,"Tidak ada pelanggaran *hukum* pencalonan Prabowo - Gibran. Fakta hukum itu terang, bukan asumsi.",1
lani ,"berarti ada celah dlm hukum di indonesia, baru ketahuan setelah di bobol",1
DewiSlimğŸ’ƒğŸ» ,aaa kasian gibran tetap cawapres dan akhirnya menang âœŒï¸,1
Zulfi Ahkam ,DKPP rasa timsesğŸ˜‚ğŸ˜‚,0
conanaja240 ,ternyata gampang juga ya kerjanya DKPP.. ...gajinya berapa sih ?,0
Dayat ,"lapor kepaman Usman,terlalu banyak laporan tapi tidak direspon",0
Vladimir Zuhri CBR ,sidang dagelan ğŸ˜‚ğŸ˜‚ğŸ˜‚,0
slametwahono6 ,smua cari amannn....,0
wijaya ,tanpa gibran prabowo 90%,0
ACEH MULIA 1 ,amplop tebal semua Masalah selesai,0
eitoendRa ,"pelanggaran etik ada ...tp eriknya apa ,sah dan tidaknya reneng remeng",1
Pete oseng ,takut krna ank presiden,0
racka ,dulu minta perpanjang jabatan agar Gibran mencapai batas usia minimal....krn gak berhasil diterobos aturan k MK agar batasan umur bisa terakomodir,0
Toman Siahaan ,etika kan tdk berdiri sendiri,1
user2261255883847 ,Takut sama pak lurah,0
feri hendra kusuma irawan ,"nah DKPP udah bener,, problemnya di administrasi KPU yg menjadi perdebatan",1
Rang Pitopang ,Amplop yg bicara,0
Berry ,karna gara gara si budi kanğŸ˜,0
ferdinandbanoet ,"pertanyaannya ; knpa tidak sedari awal dipersoalkan. dlu pda koar2 menerima keputusan MK 90, giliran pada kalah baru menggugat. lucu pada manusia ğŸ¤¦ğŸ¤¦",0
Kang Photo ,"DKPP tugas nya, selain memberi teguran, teguran sedang, teguran keras, dan teguran paling keras ğŸ˜‚",1
Semar Misem ,hakim harus mempunyai keputusan yg adil tidak boleh semina2 karna demi uang ingat bagi para hakim anda sangt besar pertanggung jawaban d hadapan Allah,1
kartika ,yang melanggar MK tpi yg mengadili juga MK.,1
4nkri33zz68 ,apapun dh d beli...,0
basino bawor ,kan dugaan,1
Neng Sarah ,"MK cuma pura pura,02 tetap menang ğŸ¤£ğŸ¤£",0
Jhony Pelangi ,anak presiden gitu punya power untuk mengendalikan kpu,0
no name ,"ada capres yg lewat umur dan cawapres yg kurang umur, jika pemilu ulang apakah boleh dipilih?",0
AlnaMedia ,DKPP tdk punya kewenangan dlm putusan KPU secara hukum. Jd smua akn kembali d putuskn oleh MK sbg mahkamah tertinggi sbg bdn hukum konstitusi.,1
user9706633963336 ,berarti para oemegang hukum menghendaki rakyat Indonesia mencari dan menegakan hukum dan demokrasi,1
Arna Sum Justice ,takut bget pak memberikan keterangan berkaitan putusanya sendiri,0
wiro212 ,"ingat itu pelanggaran etik bukan pelanggaran hukum
jadi tidak ada alasan diskualifikasi",1
Bhene E'O ,ternyata dkpp cuma simbol backing kpu doang yah,0
wiwitwidiyanto572 ,token listrik 16% makin berisik...,0
senada ,"baloran,kalo ada pelanggaran yg di lakukan kpu dlm pencalonan gibran,berarti tidak sah,cuma siapa yg akan memutuskan saja.",1
manbro87ğŸ‘Š ,duit LG nih,0
mommy2kids ,"saling lempar2 an ttg jawab antara KPU, DKPP n BANWASLU.... moga MK bs bersikap adil n independent dlm menegakan keadilan",1
Suparno Kirun ,di Indonesia kejujuran itu sangat langka,1
user9477695191612 ,anak pa lurah mana bisa di batal kan.,0
dimitry ,jd saling lempar cari aman,0
Jony ,DKPP itu kiriman wiwi,0
rony ,trus fungsi dkpp apa? dan termasuk bawaslu buat apa klo itu etik tp tdk ada sangsi,1
Curly Dastan ,"tinggal bilang salah yah salah benar dan benar itu aja kan.
knp seakan di buat susah dan sangat berat.
ya ALLAH ..
ayolah yg fer.
ğŸ™",1
Hardi Ansyah ,sudah di setting ğŸ˜,0
lamsihar_siregar_888 ,Sanksi ke KPU karena KPU belum merevisi persyaratan pencalonan Ca & Cawapres setelah keputusan MK menyatakan.usia Mas Gibran sah untuk mencalonkan..,1
Malik Witta ,"Yes, Diskualifikasi!!!",0
Rambo07 ,kalau 02 tadinya kalah pasti pencalonan gibran tidak dipersoalkan... bukan begitu anak2 abah dan janggar ?,0
d'LLoyd ,ternyata semua punya kepentingan 2019 terulang lagi,1
suroto1691 ,Penyelenggara Pemilu pro dinasti kredibilitas & akuntabilitas diragukan.....,0
abdulrasyid4591 ,padahal kalau pak prabowo tak memilih gibran sbgai wakil nya.pasti naik juga,0
Bang Aces oke ,"Jelas kan, etik pendaftaran oleh KPU. Bukan sah atau tidaknya pencalonan Gibran. Gibran ttp sah",1
Uud Uus Nasgor ,terus apa gunanya dkpp kalo gak bisa menghukum,1
martinusdo6 ,"jika dkpp tdk bisa mengambil keputusan pelanggaran kpu, maka sdh sepantasnya mk utk menyelidikinya",1
lively feel ,hanya MK yg bs memutuskan soal itu,1
bensar ,sidang pelanggaran etika kpu atas substansi teknis pelaksanaan tupoksi dlmvproses penetapn calon. bukan sidang etik atas prilaku kpu. 2 hal yg berbeda. -+maaf.,1
user2007338533259 ,yg dipermasalahkan adalah kode etik bukan dasar hukum Sah atau TDK Sah.....dg dmk pencalonan Prabowo Gibran SDH sah sesuai surat keputusan MK no 90,1
eman ,"UTK APA DKPP DIADAKAN KAL CM UTK MENILAI TTAPI TDK BS MENGAMBIL TINDAKAN TEGAS, BUANG"" DUIT RAKYAT AJA",1
ardy ,dkpp....ordal KPU..,0
Anak kontemporer ,"putusan mkmk pencalonan Prabowo Gibran melanggar etik berat
KPU menerima calon Prabowo Gibran melanggar etik.
knp alasan DKPP sah dan tidak sahnya.",1
erwinsyah_harahap ,kalau ada pelanggaran etik berarti KPU bersalah dong...dan pemilu tdk sah...juga 02 diskualifikasi..,0
ariefwijaya9271 ,"DKPP: Lu melanggar
KPU : Lalu?
DKPP: Ya udah gitu aja sihh ğŸ¤£",0
warung zein ,udah pa dari pihak AMIN masalah pengajuan calon wapres gibran diajukan ke bawaslu tapi tidak ditindak lanjuti,1
Juraganracun & benihpadi ,dkpp gak netral,0
Pardi Idrap ,"02 tdk bisa membantah semua dalil 01 n 03, ini artinya tuntutan 01 n 03 dikabulkan semua",0
Abdu Algiafari lubis ,"berarti sah ya, kpu melanggar kode etik, tpi di bidang mna? kok ngga dijelaskan 2 hal tersebut",1
@áš›á·áš€Í£áš€Í«Ryan557â„¢áš€Í­áš€Íªášœ ,"hanya sekedar mengetahui, tp tdk tindak dr pelanggaran etik kpu, sma aja tdk melakukan tindakan apa2 dkpp",1
pak zega ,"Karena tidak sah, maka muncullah putusan pelanggaran etik",0
Putra Larantuka ,"ada 2 yg menjadi pelanggaran kapeu, tapi semua nya gx di tindak, ğŸ˜‚ğŸ˜‚",1
ru910 ,Jelas ada pelanggaran berulang-ulang tapi kok cuma dikasih peringatan doang.,1
PONDOK BIBIT ,"Andai kata saya gibran saya memilih saya tidak akan maju, karena saya tau bahwa putusan ini poblematikğŸ”¥ğŸ”¥",1
Imam4495 ,tidak ada pemilihan ulang itu dalil DKPP,1
shachi & penguin ,"setelah putusan MK, kan peraturan sudah berlaku",1
raffasya15 ,seharusnya 01&03 itu ke mknya sebelum pemilu di mulai kenapa sudah baru ke MK dah di MK pengajuannya sengketa hasil pilpres tpi pada kenyataan yg di bahas Jokowi dan bansos BKN hasil pilpres,1
Bayou ,Harusnya MK focus di Bawaslu aja Krn TDK mungkin sengketa pilpres dibawa ke MK klu Bawaslu mau memproses semua laporan pelanggaran itu aja pointnya,1
Linda Sari ,ADA SURAT SAKTI DARI PAK LURAH SIAPA YANG BERANI MENOLAK,0
RPBX AGENCY ,"HALLO GW DARI MASA DEPAN, 01&03 GABISA NYALONIN LAGI JADI PRESIDEN WKWKWK",0
R I Dinata.SE.SS.CLA-P ,"Rusak berat KPU dan DKPP, setali 3 uang, ada kong kali kong! ğŸ˜‚",0
JURAGAN BERAS ,Hasil dr cawe2 emang mantap. Syg anak..ğŸ‘,0
telihan's ,"KESIMPULAN BAHWA, ADA PERBUATAN ONRECHMATIGE DAAD YG HARUS DI PERTANGGUNGJAWABAN KAN OLEH KPU",1
Moeza Belvani Celine ,"IPK 2,3 hebat bgt ya .. ğŸ¤£ğŸ¤£ğŸ¤£",1
HD MUSIC STUDIO ,dkpp sudh memberikan bahwa ad kode etik yg d langgar cuma tdk bisa memutuskan sah dan tidaknya calon di sini bagi orng yg punya akal sehat pasti paha ğŸ˜ğŸ˜ğŸğŸğŸğŸ,1
frd09 ,yg tidak bisa di rubah itu hukumnya Alloh... hukum alloh itu nyata ..,1
JAGGER LANANG ,"saling lempar bakwan kpu, panwaslu,dkppğŸ¤£ğŸ¤£ğŸ¤£",1
user9505081202377 ,SUDAH JELAS ADA PELANGGARAN USIA GIBRAN DIBAWAH 40. DISKUALIFIKASI PASLON 02 PRABOWO GIBRAN!!!,1
á´Šá´€É¢á´€É´É¢ á´˜ÉªÉ´É¢É¢ÉªÊ€ ,Fix Prabowo - Gibran presiden dan wakil presiden terpilih Indonesia ğŸ”¥ğŸ”¥,1
Purboyo Tarihoran ,"Uang APBN Uda byk yg Habis utk PemiLu...
BijaksanaLah utk Penggunaan Uang Negara.",1
nurulkomariyah062 ,menang dari cinağŸ˜‚,0
mjmack ,fix 02 diskualifikasi,0
Angga Orin Naza ,"MK HARUS MEMULIHKAN NAMA BAIKNYA!!!
AYO MK BUKTIKAN!!!",1
zaen ,Muter muter puter terus sampe sah hehehe,1
MasBud325 ,Semua sdh satu paket...KPU..DKPP...BAWASLU...dan MK periode si paman..,0
Camelia S ,jelas aja enggak bisa d batalkan krn anak presiden,0
Jhonijaya9 ,"Kalo Pemilihan Ulang Kita Buktikan meskipun Prabowo tanpa Gibran, Pasti tetap menang..",0
Fitriphotocopy ,kenapa tidak dri awalğŸ™„ğŸ™„,0
ARI-SUMENEP ,tunggu saja tgl 20 pengumumannya kan kita cuma rakyat kecil mengikuti apa kata pemimpin,1
Rachma Trisia ,takuuttt.. krn anak presiden ğŸ˜‚ğŸ˜‚ğŸ˜‚,0
SISWAHYUDI ,pemilu ulang tanpa 02,0
Anwar Husein ,berpihak berarti,0
Ipung.s. ,"Karena
Uang
Hancur
Perkara",0
Bunga sari ,Amplop berkuasa. Sidang hanya Sinetroon.,0
mulyadi syahputra ,"gibran bisa saja di dis
prBowo tanpa wakil di lantik",0
mas yoyo ,02 di diakualifikasi,0
eka ,"Hebatnya pak jokowi dengan diskresi kekuasaan suksesi pada keluarga yg sukses,,,",0
aries. ,yg jelas alasan udah dpet tebel,0
Romly 234/reza ,"tugas dkpp apa jadinya,nonton aj,periksa etik dan hukumnya juga lah...",0
Imam Safi'i ,trus siapa yg bisa menentukan sah dan tidak nya. klo ada pelanggaran,1
happysuccessfull ,Kelihatannya akan terjadi People Power bila MK memutuskan Paslon 02 tetap sah sebagai pemenang.,0
ğŸ‡®ğŸ‡© SUKMA AZIZ F_P ğŸ‡µğŸ‡¸ ,"brry ttp sah bos,",1
sofian 95 ,prodak president GK bole melawan,0
olixofar01 ,Disqualified belimbing sayurğŸ¤£,0
T a m ,"kata dkpp ada 2 poin pelanggaran etik kpu.... saya mencoba menebak = menerima berkas calon yg berkasus kah atau soal usiağŸ¤£ğŸ¤£ğŸ¤£
tebak2 yukzzğŸ¤£",1
keluarga CEMARA ,woy udah sepaket etamh ..paket kombo,0
Tagor ,"emang ada waktu utk ulang pemilu? okt sdh ngga Presiden, Nov Pilkada....",0
Ahongwijaya ,"ini KLW Gibran dipasangkan dengan yg lain sebut saja ganjarbapa kenadiannya Akan Kaya gini,saya rasa tidakğŸ¤£
tapi KLW Gibran dipasangkan SM Ganjar juga blm tentu menangğŸ¤£ğŸ¤£
yg menang ttp prabowoğŸ¤£ğŸ¤£ğŸ¤£",0
uchy ,Tidak ada artinya keberadaan bawaslu dan dkpp.,0
AkarRumput80 ,Impossible bin Mustahil keadilan dan kebenaran bisa ditegakkan,1
Nur Muhammad ,Demi keadilan hrs pilpres ULANG,0
X'TIAN ,lgian knp sie Mk mutuskn batas usia stlh Gibran ikut cawapres? knp jg KPU Nerima Gibran ?,1
Fandie Gybbran ,berarti gk ada manfaatnya dong DKPP,0
mama kembar ,"pemilu ulang suruh 01 03 biayain,96 juta golput suara..sisa suara2 dr rakyt pemilih 24 dan 16%,ga bakal Syah.. juga..banyakan golputnya.",0
pacci ,"Sidang MK ini mestinya simpel saja , utk apa lama sidangnya, bukti kunci suda ada , paket Paslon 02 tdk Syah , tentu hasilnya juga tdk Syah , 02 harus",1
YayahUnariah ,yang pendidikan redah juga banyak yng memilih Anis,1
Mukti Sukardi ,"maka ny pak anis pilih,biar rakyat indonesia lebih baik pengetahuan ny pak ,mikirrrrrrrrrrr,berati selama ini orang indo masih rendah dong pendidikany",1
user1508967212764 ,yg akalnya sehat pilih Anies Baswedan,0
DARTON ,sesusah apapun kita orang tua ..ingin anak2 pendidikan nya lebih jauh. ğŸ¥¹,1
Erwin Erwin Tarang ,02 pak yng jdi presiden,1
Msobari ,"2024 Rakyat Indonesia cerdas2, pasti pilih pa Anies...",0
user3611407515191 ,ad fakta di lpangan. walau pendidikan rendah tp punya otk cerdas . maka dri itu mereka pilih AMin,1
SMBH ,"Makanya ada relawan yang ikhlas yang menyampaikan program2 pak Anies, jadi ga masalah",1
yeyet.grt1122@gmail.com ,"Pa, rakyat yg pndidikan rendah pun kan paham tuk memilih capres karena dilihat dari penampilannya, karsmanya dan agamis aplg di kampung",1
Phonmark ,Aceh tdk cukup hny Berpendidikan Tinggi. Mereka berpegang teguh 4pilar pemimpin dan memilih Bnyk maslahat drpd mudharat.,1
istiqomah ,fakta org cerdas bukan pendidikan yg tinggi... yg punya etitut yg lebih baikğŸ‘ğŸ»ğŸ‘ğŸ»ğŸ™,1
nanathea ,"tidak semua kalangan pendidikan baik pilih pak anis,nyatanya yg pinter keliatan bodoh karna memilih capres yg mkmk",1
Siti Mutmainah498 ,tpi yg milih kok hya 24%,1
syaa ,berbelit belit kaya viki prasetio,0
sri lestari ,yg jelas adanya bansos dlm kampanye pilpres,1
Inul C ,"bukan masalah sd,smp,atau seterusnya disebutkan perpendidikan baik",1
anok dusu dili ,itu pendapat Nya lu tapi rakyat Indonesia lain bukan memilih yg cuma pintar,1
sunarti ,janji makan siang gratis lebih menarik menurut mereka.,1
Seniman KemBang ğŸ”¥ ,contoh parkiran air,1
Amalia Syamsiah ,Skarang sdh banyak yg sekolah bang efendi,0
_-ğ•¬ğ–“ğ–‰ğ–—ğ–ğ–Š-_ ,"point' dr pendidikan yang baik bukan berarti saja lulusan S1.S2.S3 saja,, tp pendidikan lingkungan dr orang tua jg berpengaruhğŸ‘",1
kesya ,oh begitu..pantes aja wowo ttap banyak pemuja nya,1
Murodi Toyib ,rendah bukan berarti g puya pengatauan umum bos,1
Õ³Ö‚Õ”Õ¯ ,"pemilu bukan hanya tentang pendidikan
tp lebih kepada kepercayaan setiap pemilih..
mayoritas pemilih lebih percaya kepada 02.",1
Ahmad Handycraft ,anis bos semua kalangan suka,1
Anto4523 ,dukung Anies capres negara Singapore / Malaysia aja omğŸ˜‚ğŸ˜‚ğŸ˜‚ğŸ˜‚,0
ğŸ‡¦ ğŸ‡¾ ğŸ‡¦ ğŸ‡¸ ğŸ‡´ ğŸ‡« ğŸ‡¾ ğŸ‡¦ ğŸ¦‹ ,"banyak yg berpddkn rendah milih pak Anies Baswedan,,, InshaaAllah Anies Baswedan RI 1",1
Hermidha ,kebanyakan anak yg baru tamat SMA yg baru punya KTP bikin dia menang.ikut2 yg rame disosmed yg didukung artis,0
tintin sumarni ,banyak yg pendidikan baik juga.tapi pilih Prabowo .,1
keysha_afiff263moch Arif af ,bukan seperti itu kali bang .pemilih Anis di setiap wilayah unggul jauh dari Prabowo .cuma sayang Anis kalah di KPU dan MK .,0
Daniel Umbu ,faktanx dapat 24%...apa lagi boss,1
Zelda ,kta siapa byk jendral akademisi aktivis dan cendikiawan yg milih 02,1
akun hiburan ,jejak anis bisa di lihat pas dia jadi gubernur Jakarta ğŸ¤£ğŸ¤£ğŸ¤£ğŸ¤£ğŸ¤£ğŸ¤£,1
qiyengk ,itulah peranan pak anis bs bs mencerdaskan seluruh rakyat indonesia tanpa membedakan suku dn tingkat kemapuan financialnya,1
Dardko ,Yg kedua anis turunan yaman,1
Kurdi ,ğŸ¤£ğŸ¤£ğŸ¤£ğŸ¤£ğŸ¤£ nggedabrus,0
hel kiau ,ğŸ‘ baik untuk mengelabui n membual,0
Bang Ipul3039 ,lu pendukung nya soal nya,0
Erna ,Pak Prabowo lebih banyak di pilih rakyat kalangan bawah sehingga menang,1
BOIS ,Anis sama Riky Prasetyo bae maseh kalah Riky byk dapet cewek cantik,0
ally setiawan ,pendidikan hanya formalitas jauh lebih penting kewarasan berfikir...,1
xyzrka ,"yg pendidikannya baik.. wlo lulusan SD tp cerdas mk itu berrti pendidikannya baik.
ad yg lulusan sarjana tp hasilnya bljar bs jd kurang baik.",1
AK ,masalah nya Anis itu pemecah persatuan bangsa dan umat... keturunan Yaman bkn WNI tulen/asli,0
indra ,"kaki sebagai ALAT TRANSPORTASI.
ğŸ¤£ğŸ¤£ğŸ¤£ğŸ¤£ğŸ¤£ğŸ¤£ğŸ¤£ğŸ¤£ğŸ¤£ğŸ¤£",1
Sukinem Chicka Lunzria ,"saya sih suka sama pak Anis ,tapi saya jijik dg pendukungnya ,arogan,demo teriak2. mulutnya kasar ,maksa tidak terima kekalahan ,",1
Tsalaats banaat ,"pendidikan kan kita rendah,ternyata",1
DO'A CATERING ,"ngopinya kurang kentel bosss ,ndableg GK mau mengakui kekalahan",0
Kareena ,"ini pembodohan pola pikir... faktanya... data pikir rakyat sangat cerdas, kecerdasan rakyat terbukti gk memilih Anies",0
Rita ,kt km kt gw prabowo sdh menang bro 58% anis cm24% nnk2 kabehğŸ¤£ğŸ¤£ğŸ¤£ğŸ¤£,1
JaiGMMI ,"persoalannya, suara banyak nya yg pendidiknnya di bawah .....ğŸ˜",1
eril332 ,"andai yg pendidikannya baik itu mayoritas pasti g
banyak orang yg mau dimanfaatkan dan di .....
sama kan maksudnya",1
lare_ndusun ,saking pinter pendidikan nya.... sampai sampai angin harus punya KTP ğŸ˜‚ğŸ˜‚,0
Ria Ribeiro ,aku gak sekolah tapi aku paham tentang perubahan..seperti banjir dirubah jd tempat parkir air..klu temoat parkir mobil dirubah jd tempat parkir mesin ya,0
rohemkhan843 ,Kalok kita nilai dari hati Anis GK guna lain pikiran dan bibir karna di kuasai hawa napsu itu lebi dangkal,0
SABUN DUSENG ,banyak yang pilih selain Anis mereka pendidikan tinggi... yuk kita survei yang akurat.. jangan hanya sekedar hipotesis...,1
banichitepu6469 ,Ga jga tuh..anisnya aja ngomong seperti pujangga yg lgi mabuk,0
Barkah Salim ,Plin plan demi popularitas. Londo Ireng kembali muncul setelah jaman Belanda dan jepang. bersamaan dengan munculnya gorosai,0
dendy famuzi ,saudara menghina masyarakat Indonesia..,0
Widad Changhai Wista ,"pak masalahnya bukan pendidikan,,,,kampanyenya terlalu muluk2,dan politisasi agama....jgn merendahkan rakyat indonesia...ğŸ˜¡",0
ariyanto 90. ğŸ˜Š ,disitulah lah makanya negri konoha ini susah majunya..masarakatnya lebih mudah di. asut.dn di adu domba....ğŸ˜Š,1
kopi hitam 1945 ,ANIES ITU SEKELAS SAMA VICKY PRASETYO .ITU FAKTANYA,0
No Habib2 anjingyaman ,Alhamdulillah untungnya anjingyaman kalah pilpres,0
panturae ,ora g ini PINTAR CERDAS tapi kenapa ya dia gak Cerdas kl skrng ada SESUATU dgn YOHANES ANIS BASDAN bung Gajali HARUS ULANG CARA BERPIKIR ANDA ... .?????,0
Roy V.P ,Anis spt angin... selalu berubah... makanya tagline nya perubahan hari ini omong a besok B,0
orang_miskin ,justru yg brpndidikan baik menilai kata2 anis gk masuk akal,0
Mietha ,"Ya emg Orang baru punya KTP anak2 muda ga tau apa2 yg pilih 02, karena mereka blm tau apa itu Politik dan dampaknya!",0
Muhammadsyaiful ,Pendidikan rendah pilih makan gratis,0
jamessang59 ,"bkn mslah pendidikannya pak tp krn anies g bs kerja kerja kerja sesuai keinginan rakyat indonesianya, maaf 72% lbh rakyat indonesia sdh pintar memilih yg terbaik.",0
Rafi_23 ,kata kata anis buuuleeet kayak gitu kok mudah di mengerti...yg mengerti ya yg deket anis laah paak...,0
adimazze ,pantas ada oknum pendukung 01 yg pendidikan tinggi2 mulutnya pd tajem2 kl njelekkin pak prabowo... ternyata berpendidikan baik tdk menjamin mulut nya baik ya pak ğŸ˜‚ğŸ˜‚ğŸ˜‚ğŸ˜‚ğŸ˜‚,1
haikalazka6 ,FAKTANYA BAHWA ANIES BASWEDAN GAK DISUKAI MAYORITAS RAKYAT INDONESIA,0
ANIM SUBANG ,saya lulusan sd tapi saya tidak mengerti pola pikir anis orang nya plinpan ga jelas,0
Madnurarifin ,"Bagaimana lebih mudah dimengerti, kalau jawab mutar-muter kok. Ditanya tidak langsung dijawab, tapi muter dulu",0
@ Agung Wasito ,sok tau profesor aja bingung ada parkir air.,0
Ramdani no 6470 ,anis itu membodohi dan mengadu domba,0
Phawit Wit ,anis orang paling berbahaya di negara Indonesia tercinta.,0
lengloi73 ,saya biasa2 ajh ngerti yg diomongin pak anisğŸ˜‚ğŸ˜‚fakta mninjukkn pinter omong.bnyk omong.teori dan gak mau kerja..lbh suka mncari celah kelebihan bayar.terlalu dramatis kl omongğŸ˜‚ğŸ˜‚ğŸ˜‚,0
Anthony ,"pak Anis memang cerdas karena bicara muter2 pun mampu,pandai merangkai kata
untuk melakukan itu memang butuh kecerdasan, cuma faktanya kurang meyakinkan, Karena untuk perubahan itu tdk mudah",1
vestipudji7 ,apa maksud orang ini sok tau dan merendahkan orang yg tidak dia kenal! karna mendukung anis jdi koplak ni!,0
Madnurarifin ,Lha wong Anis kalau bicara mutar muter kok dibilang pintar,0
ğŸ§­ Blepout ğŸ’ ,pak Anis otak adu domba NKRI karena gila jabatan,0
Genta ,"betul, sangking pinternya bikin parkiran air, sampai angin tak ber KTP",1
cinkliya ,buktinya banyak y pendidikannya baik .malah dia y tukang korupsi nyağŸ˜‚,0
jalur langit ,ya bner pak... rkyat GX ngrti.. tenyata malaikat bsa demo... angin jg GX punya KTP.... ğŸ˜‚ğŸ˜‚ğŸ˜‚ğŸ˜‚,1
EDYY ,"bukan hanya katanya bisa nggak kerja,rekam jejak Anies menunjukan rendahnya akhlak seorang Anies,jgn janji indonesia mau dibawanya kmana",0
niken ,"tp sampean kok rendah pikirane fakta anis iku bukan sosok bgus,nyata penghibah suka hina orla fakta iki,",0
Gading Tirta ,"Gak juga, smua bingung sama omonganya! Mencla mencle",0
seloki ,"kalo pendidikan pak anis bagus kenapa kalah telak sama pak yusril, otto, hotman & cs yg lain nya..
01 & 03 gampang sekali untuk dipatahkan mereka yg pengacara bpk prabowo ğŸ˜ƒ",0
Mardiana Santoso ,"masalahnya Anis Bawesdan hanya teoritis, fakta nya tidak sesuai",0
ğ“¼ğ”‚ğ“²ğ“¯ğ“ª ğ”€ğ“ªğ“® ğ“ªğ“½ğ“¾ğ“± ,orang berpendidikan belum tentu baik bro,1
Jack Dasmasela ,Anis teroris,0
no name ,ğŸ˜ğŸ˜ğŸ˜ğŸ˜ğŸ˜ angin gak ada ktpnya udara gak ada ktpnyağŸ˜ğŸ˜ğŸ˜masalahnya anis tukang obral janji cuma omon omon,0
aku.kamu.kita ,pendukung anies adalah Islam panatik atau pendukung pks sj,0
cakdi ,percaya pak sampai anis buat angin punya ktp parkir banjjr . anda sehat,0
Ucu Bonax ,seharus nya pendidikan rendah juga kalau orang nya pemikirannya ke masa depan bakal maju negara,1
PUTRA ,"ğŸ¤£ğŸ¤£ğŸ¤§ Anies Baswedan GUBUNUR TERBODO di YouTube,lihat aja di YouTube ğŸ¤£ğŸ¤§",0
Fami Jojo ,Anies pinter ngmong nm y tukang jual obat ğŸ˜‚,0
Taurus28 ,"sama otaknya sama anis,,,pintar ngomong doangğŸ¤ª",0
Pitek Gepuk ,"fakta pendidikan baik, hanya 10% ke TPS !",0
tswardhana ,"pintar, bukan berarti cerdas....",1
daniel ,alah gk berlaku cocod mu itu wak faktanya nya di kuburan prabowo juga banyak orang2 pintar,1
antopiyu1 ,masalah sama Annis terlalu banyak omong kosong sama dengan anda,0
Herry Satrio ,"Sok PD ,tapi nggedabrusss tok ğŸ˜†ğŸ˜†ğŸ˜† anis dan relawanya tingkah polahnya spt anak SD .",0
user3444261214901 ,oleh kelompoknya nyatanya yang katanya dosen ga bisa bedakan kritik dan cacian,0
Ali ,Anis kebanyakan omong alias pemecah belah bangsa,0
Sri Nuraeni ,"Dan klo pendidikan rendah,mikirnya gak mau ruwet2 ,cukup dibagi bansos aja udah girangğŸ˜‚",0
buat chale ,NGOMONG SAMA ANGIN..YA,0
ana soviani ,"bkn masalah tinggi pendidikannya, tp akal sehatnya berfungsi dg baik",1
blondor 75 ,faktanya Anis cuma nggedabrus,0
tunggulsitanggang ,"bukan itu bro, yg pilih abis yg fanatik agama nya tinggi, krn dia pake politik identitas saya dan kawan kawan sdh S2 tapi kami pilih prabowo",0
firdausazizi ,tetapi yg dapat hidayah cuma sedikit,0
mandorcobberr ,pak pendidikan rendah tidak masalah asal tidak pemikirannya yang rendahğŸ¤£ğŸ¤£ğŸ¤£,1
wosart ,katanya pendidikan lbh baik tp kalah kok ngamuk?,0
ko_ko5u91 ,Faktanya anis tukang ngibul,0
user2007338533259 ,kesimpulannya Anis kalah ya kan? jgn marah ya?,1
aisahaja44 ,yang kosong 02 kurang pendidikannyaa ..kan pendukung Anis dari pikiran turun ke hati ...hanya orang pintar dukung pa Anis.,0
dewankoro Kingking ,yg menyebab kan pendidikan rendah ya pemimpin yg anda ada d dalam nya,1
ğ—›ğ—¢ğ—Ÿğ—¬ğ—§ğ—˜ğ—”ğ—¥ğ—¦ ,"dan faktanya 20%dr 24%itu bukan krn visi misi anis, tp krn benci jokowi",0
MULYONO ,rendah tpi ga ngibul....ga banyak ngomong muter muter....buat apa lu pintar tapi pintar boongin,0
@taraulin ,"ğŸ˜ Alhamdulillah Indonesia Saat ini Aman Damai dan Baik-baik saja.
KASIHAAN @Anies Rasyid Baswedan SAAT INI DIA ANIES SEDANG TIDAK BAIK-BAIK SAJA. ğŸ˜",0
asih ,"pendidikan baik itu yg bicaranya bisa mbulet dan bisa waton ngeyel ya pak? maaf pak, menurut saya justru pendukung 01 seperti manusia yg baru keluar dari gua.ğŸ’âœŒï¸âœŒï¸ğŸ’",0
user9959181997375 ,maksunya pendidikan rendah itu bukan masalah sakolah.tapi pendidikan masalah aqidah ...mungkin itu ya....,1
Androidf.   vcncgjjj ,salah bos...masalahnya Anis menggunakan doktrin agama ....wkwkwkwkw,0
Dju Sinaga ,"Makin ngawur ini kawan,,, banyak juga pemilih Prabowo dengan Pendidikan >S1. Jangan maksa kesimpulan",1
Nutrition Jogja ,makanya hrus jd presiden biar rakyat pintar,0
maz_antho0 ,semua tergantung pola pikir individunya,1
yyyaaayyaa ,Klo Anies Presiden InsyaaAllah pendidikan akan lebih baik dan tidak ada lagi yg pendidikan rendahğŸ¥°,0
p i t h e r ,"Bukan karena pendidikannya baik, tapi karena sentimen agama, coba aja checkğŸ¤£ğŸ¤£ğŸ¤£",0
iramasuarahati ,Anies ingin mencerdaskan bangsa sedangkan ada yg sengaja melanggengkan kemiskinan dan kebodohan utk mempertahankan kekuasaan,1
rustanti34 ,saya sependapat tp banyak orang punya ijazah tinggi blm tentu cerdas...saya yng pendidikan biasa biasa tau klau pak Anies tetap yng terbaik,1
Reza Aditya Zein ,"pendidikan emang perlu, tapi yg terpenting cerdas melihat, dan menilai keputusan,",1
Eroi Venerdy ,Saya rasa pola pikirnya bukan pendidikannya krn bnyk kok pendidikan rendah tp mrk paham maksudnya krn mrk mau berfikir maju& berjuang,1
Siti Jumainah211 ,mau cerdas tdk hrs berpendidikan tinggi,1
yayan s ,"orang yg kurang berpikir panjang , di kasih uang 5rb , langsung coblosğŸ˜‚",1
surya piola ,"kecerdasan intelektual masih kalah dengan kecerdasan sikap , itulah yg ada di Anies .",0
Eli ,"makanya pemimpin itu cerminan dr yg dipimpin, pemilih cerdas berati pemimpinnya cerdas, pemilih yg tdk berpendidikan maka pemimpinnya tdk akan berkualitas, itulah yg terjadi di begri konoha ini",1
am3103aja ,@am3103aja:berpendidikan baik beda dgn yg sekolahnya tinggi..fakta yg sekolah tinggi tunduk ama GibranğŸ˜‚ ini masalahnyağŸ˜‚ğŸ˜,0
jayoez ,ini ni yang membuat suara pak Anis rendah ğŸ˜,0
ORG KALBAR69 ,klw bgtu seiring sjln apa yg dikatakan kn pk ridwan kamil...,1
sitis ,oleh karena itu kita cari pemimpin yg cerdas.. ..supaya di hargai.di mata dunia...klo pemimpin planga plogo ya sama aja kayak rakyat biasa,1
@marcosadewomangkuwanitalimo ,"gimana nggak gitu, la wong uang rakyat di koropsi terus,sama gerombolan Lo, gimana bisa sekolah",1
jokoriyanto ,tp rakyat yg berpendidikanya rendah klu tau salah dia g berani melannggar..lain yg berpendidikan tau salah tp dia langgar...itu fakta...ğŸ˜ğŸ˜‚,1
wong cilik ğŸ‡²ğŸ‡¨ ,ya... apalagi ada yg takut bantuan BLT dan PKH di cabut,1
ksrevag24 ,terbukti dgn liat berita kemarin di channel CNN pemilih 02 40% kalangan pendidikan SD dan 42% kalangan pendidikan SMP tp gpp sah2 ajağŸ™,0
Teknisi Freeyork ,S1 jurusan cikampek tgpriok..,0
SASTRO Jr ,"Yg ku heran, sdh tahu pendukungnya ANIS org2 PINTER. tP kok kampanyenya melibatkan MALAIKAT, SURGA dan NERAKA. org CERDAS pasti paham Rekam Jejak ANIS",0
AWANG_88 ,"pemilu hanyalah tipu tipu,supaya rakyat terdiam seolah""jurdil,,di belakang tersebung kecurangan, mungkin dari jaman ke jaman begitu terus dan terus,",0
deviaja028 ,aetinya pemilih wowo di bawah standar pola fikirnya,0
khairil imami ,"berarti yg berpendidikan baik gampang dikibuli dgn omon2, yg jelas2 gak bisa kerja..ğŸ˜‚ğŸ˜‚",0
D'Inay ,"makanya yg g pilih pak anis, mereka sdh suka bgt dg penddkn pembodohan kpd rakyat",0
hendri yatin ,"kadang latar belakang tinggi pendidikan, sukanya bohong",1
ğ—£ğ—¿ğ—¼ğ—±ğ˜‚ğ—¸ ğ—¥ğ—²ğ—·ğ—®ğ—»ğ—´ ,karna org menengah kebawah ke framing fitnah buzzer. itu yg saya temui banyak dilapangan,1
sayang ,masalahnya adalah keserakahan,1
Volmarx ID ,"bukan di latar pendidikan masalahnya, tapi ada pada literasi politik.. pas nyoblos caleg literasi politik saya kurang makannya asal coblos aja ğŸ˜‚",1
fan ,Rakyat umumnya suka dibohongi ijazah pslsu,0
Zahra ,"betul bang ,, org2ndgn pemikiran menengah kebawah mana masuk , hanya org2 cerdas yg berpendidikan menengah keatas yg bisa masuk",0
Koleksiadi17 ,dulu bung Karno membuat gerakan buta huruf skrang Anies ingin mencerdaskan kehidupan bangsa,1
h_donny234 ,Anis baswedan presiden,0
ibundaapitnov ,"Banyak yg cinta buta doang ga mikir dan mempertimbangkan a,b,c,d",1
inayahhhh25 ,Setuju sih.. pasarnya 02 tuhh org2 desa yg belum melek politik n sosmed,0
property Depok ,klo mu nyapres itu ga Perlu pintar yg penting banyak duit sama bisa joget itu aja cukup ko 70% masarakat ga ngeti gagasan ğŸ˜‚,0
makcint ,yesss hanya orang2 cerdas yg milih amin,0
Fathimah Bersaudara ,"ia org yg mau berfikir dikit aja, nda perlu pendidikan baik, pasti nda akan mau di sogok2",1
VHL ,"Track record terbaik di Pemilu adalah Desak Anies, keren ğŸ‘ğŸ¼",1
giri farizka ,bener kata pak RK,1
heruyana8 ,analismu sudah tumpul karena dipengaruhi keinginan untuk menenangkan anis.,0
iyaaa ,amplop lah yg membuat orang mudah mengerti...,0
Ay bubun ,ciri ciri penjilat,0
moms maliq890 ,"apa yang dikatakan Anies soal angin, sumur resapan,jadi bahan hujatan karena mereka gak nyampe pemikiran nyağŸ˜",1
Emhades_6571 ,"mksh ats pencerahannya, br ngerti rupana ad korelasi dgn pendidikan",1
bangyoss ,"sdabtasi dgn tuntutan jaman yg maju dan moderen,ini era ilmu pengetahuan,semua krn pak jokowi",0
Rhenie ,pokoknya yg pilih 01 org cerdas,0
ğŸ”ºâœ¨4rni4rdiâœ¨ğŸ”» ,Isi amplop lebih manjur Raup suara dr pada isi kepalağŸ˜‚,0
bangyoss ,"80%rakyat sdh dewasa dan matang pemikirannya cerdas bijaksana rendah hati mampu belajar dari pengalaman dari waktu kewaktu,dan dari youtube,mampu bera",0
"M,JADIDMACHFUDZ ","betul,,,dan siapapun yg mimpin dinegeri ini hrs peduli jangan dimanfaatkan untuk politik baru bisa maju negeri ini",1
Hudiyah24 ,terlalu memelihara ocehan RG yg penuh caci maki dn terlalu mnjual surga neraka,0
mamita ,"Betul bgttt ini jg prediksi sy ,, maka y yg pend rendah lebih memilih yg bahasa y mudah dicerna dan program sesaat buat mereka lbih bagus",1
ibialin ,"tugas pemerintah seharusnya agar SDM rakyat Indonesia TDK rendah bkn malah semakin d rendahkan dengan iming"" yg hanya cukup untuk sekedarnya",1
Lamsyah ,"Reell di lapangan, pndukung 02 itu lebih bnyk hanya mampu bli beras 2kg, semntara 01 mampu bli karungan, ğŸ˜‚",0
aisyah ,"maksud nya pendidikan d sini adalah pola pikir sseorang tentang kehidupan bukan hny pendidikan formal , bkn orng2 yg is d bungkam dngn iming2 bantuan",1
SJ sby ,"Kawal terus Real Count, Banyak sekali input data yg tidak sesuai atau penggelembungan Suara ,tetap semngat & Viralkan ! Tenggelamkan Kecurangan.",1
maryamfaisal909 ,maksudnya pemilih 02 mayoritas pendidikan rendahâœŒ,0
Bambang ,INDONESIA DARURAT PEMIMPIN YG MEMPUNYAI ETIKA DAN MORAL SEMOGA ALLAH SWT MELINDUNGI RAKYAT INDONESIA DARI PEMIMPIN YG ZALIM. AAMIIN YRA ğŸ¤²ğŸ½ğŸ‡²ğŸ‡¨,1
wong ndeso elex ,pendidikan rakyat kita masih memperihatinkan,1
syanuyihkat ,pasti mau bilang iq 78 tapi merasa pintarkanğŸ¤ªğŸ˜‚,1
AbRah ,Buat apa pendidikan Baik kalau nanti yg jadi Wapres saja IPKnya setara 2.3..ğŸ¤£,1
Niarania ,"ditnya pilih siapa. 02 sih, knp gemoy sih. ditnya sma anak SMP plih siapa 01 knp? krn cerdas sih saat debat bisa mnguasai tema dan pnjlsan nya bgus",1
lim ,fakta berbicara yg memilih anies emang yg pinter ğŸ˜‚ğŸ˜‚ğŸ˜‚ ....,0
ğŸ’ ,krn bahasanya pak anies itu bahasanya akademisi.....kyk rocky gerung,1
Scoopy Cream ,10 tahun tdk pernah mendengar Bpk jokowi sakitğŸ™,1
galuh langkar ,"jujur di era presiden pak Jokowi saya ngga pernah dapat bantuan apa pun,tapi saya seneng karna dari BLT banyak lansia di kampung saya dapat",1
ğŸ§  ,"Direndahkan oleh manusia tapi ditinggikan oleh Yang Maha Kuasa
Sehat selalu Pak Presiden Jokowi",0
babyJkğŸ° ,benerÂ² pak jokowi setengah hidupnya buat jadi pemimpinğŸ˜­dari jadi walikota sampe presiden gada jedanya lagiğŸ˜­,1
user51402866486 ,harus nya pak jokowi jd presiden RI seumur hidup pasti indonesia akan maju dan rakyatnya sejahtera smua betul apa betul,0
feb__ ,"Alasan knpa 02 menang hampir seluruh indo mungkin hanya itu kami berterima kasih lewat anak bapk atas jasa2 pak jokowi slama ini, semoga suatu saat gibran bisa jd presiden yg luar biasa kyk pak jokowi",0
MariaTheTortieCat ,"hanya di era Jokowi bisa ngerasain gelaran Asian Games,Pildun kelompok umur,terus punya MRT sedihnya harus lengser..sehat terus pak",1
Picaaa. â€” ,jokowi dicintai rakyatnyağŸ¥¹ğŸ–¤,1
Kezia84ğŸ¦‚ ,"Baru kali ini Presiden kita slalu mau dirangkul tanganNy sama presiden negara lain.. biasaNy kek org marahan jauhÂ²an ğŸ¤­ Masya Allah pak Jokowi sehatÂ² sllu yaa,, Negara lain bangga sama bapa apalagi sy",0
blackcherry ,Pak Jokowi belahan jiwa Indonesia ğŸ”¥ğŸ”¥ğŸ”¥,0
s ,makasih pak Jokowi udah peduli sama rakyat papua dan udah bangun tol lintas sumatera ğŸ˜­,1
miaa ,"knpa sih presiden harus di ganti"" ğŸ˜­ , aku cape nangis karna pa jokowi bentar lagi udh ga jadi presiden",1
Suplementari_ajah ,Kenapa ya pak jokowi gak pernah pakai kaca mata hitam waktu kelapangan,1
Rukiah ,apa alasan aku pilih 02 karena mas gibra anak pak jokowi,1
Scaprilia ,bantuan di era jokowi bener2 banyakğŸ¥º,1
JIVA CHATURBHUJ ,"kalau pak wowo gak bisa jadi presiden, maka jadilah bapak 3 periode",0
Agus Indra ,70 persen rakyat mencintai bpk presiden....,0
triismianto Gembus ,yg jelas itu uang mau diputar buat bayar utang negara,0
Muhammad Majreha ,bisa2 nya jokowi bilang gak tahuğŸ¤£ğŸ¤£ğŸ¤£,0
kakung ,"sudah dipastikan, tidak akan tepat sasaran. pasti jd rumah investasi orang' kaya.",0
Ottow ,"BPJS saja masih simpang siur, pendidikan/kesehatan/infrasruktur belum merata + sembako yang tdk stabil",1
obas ,pengusaha yang mendapatkan pinjaman lunak dari tapera,1
user4853020535645 ,"obyekan korupsi baru.
kok ngak dibenerin dulu birokrasi sama penjahatÂ² di instansinya, malah bikin calon masalah baru lagi aja.",0
Lo_kok_ ilang ,tapera(tambahan penderitaan rakyat)kah?,0
erwin ,aturan di buat karna dah ada rencana tapera,1
Lutfie ,tapera ( target pemerasan rakyat),0
syah ,tapera (tabungan pengusaha rakyat),0
Dunia Kecantikan Yan âœ¨âœ¨ ,baru ajah dapat kenaikan gaji guru ehh sekrang dapat banyak potongan ğŸ™ˆ,1
Kuliboy ,Gaji honorer aja 3 bulan 900k masih mau d potong 3%..? ğŸ˜³ğŸ˜³ğŸ˜³ğŸ˜³ğŸ˜³,1
Audrey Manis ,sudah di sahkan lahh ini aja baru di tau knp sdh ada di sah2kan,1
Euis Yohani ,Naah ini sales tapera nih ğŸ˜‚,0
Raymond O ,"Gaji 5juta kena pot. 3% itu 150rb , 10tahun 18juta , pertanyaan gw , inflasi 10tahun lagi 18juta itu cuma dapat kandang babbiiii ğŸ™",1
Deant ,Ok Gas ok Gas 58â„… Rakyat Setuju Pemerintahan Berkelanjutan beserta kebijakannya. kalau Saya gk setuju.,1
Robby Framoz ,bagi saya gak usah karena dananya sangat besar yang masuk .pajak karyawan udah BPJS udah masa tapera lagi .ini kerja buat keluarga .kasihan mereka.klu mau di potong gajinya 20 juta baru ok.,1
Ning SP ,"jangan lah paaaaak kebutuhan sehari hari aja mahal, terkadang uang yg ada gak cukup pak",1
Nelwati ,Tapera bukan kebutuhan pokok yg wajib adanya,1
ChienKFong æ–¹éŒ¦æ³‰ ,lahan baru utk kas oknum,0
ADC ,"Taspen, Asabri, dan sudah bnyk danaÂ² pensiun dikor*p",1
Ocha ,tidak ada sosialisasi tiba2 uu sdh di dahkan..kemana wakil rakyat???,0
jul sah ,bikin kaya org tertinggi,0
pujiningsih7088 ,untuk biaya IKN,0
Sang Alang ,mereka cari bunga bank,1
juniar. ,3% dr gaji.klu di kalkulasi karyawan ind sekitar 150 JT.dlm 1 Bln triliunan.blm LG pajak.tapera tabungan penderitaan rakyat.,1
Denny ,"lg mikirin anak buat masukin kuliah blom kelar,ada lg masalah potongan pekerja,miris banget hidup gwğŸ˜”",1
quintro1 ,Tapera akan sulit dipastikan outstandingnya cocok/klopâ€¦.coba tanya kpk dan bpk !,1
YonZğŸŒ¸ğŸ’ƒ ,Tp utang LN bertambahh,1
DG.ANIS ,gaji untuk pejabat pensiun. adaÂ² sj,1
Mr.Hermawan ,lagi butuh dana utk bangun IKN,0
Bunda ,d potong untuk bayar utang luar negri,0
K-TRII13 ,lah bahan aja udah naik pak apalagi bensi apapa mahal pak,1
Ririn raisa ,uange pasti buat bantu Prabowo yg pusing cari dana makan gratis dr mana,0
Sriningsih08 08 ,uang covid saja tdk di kembalikan semua,1
pakuk 82 ,"pajak pajak pajak lagi,,,adehhhh...katanya dari Freeport udah dpt persentase,dan dikantong udah ada 11.000 T...gmn itu pak de",1
M3GA Skincare ,"gaji sdh di potong BPJS kesehatan, BPJS ketenagakerjaan blm lg pph... ini mau di potong lg, piye toh iki riiiğŸ˜…",1
tengku ,khusus pendukung Jokowi aja ya yg ga dukung ga di potong,0
Kayla ,di BPJS sdh ada tabungan dana pensiun bgmn,1
pakdesalman ,pembiayaan buat pejabatğŸ¤£ğŸ˜‚,0
Arfiah Syam ,"setuju tak setuju
peraturan tetap berlaku ğŸ˜¯",1
Mohamad Reza Iskandar Shah ,"dipotong tiap bulan, tapi rumahnya bentuknya imajiner ğŸ¤£ğŸ¤£ğŸ¤£ğŸ¤£",1
X L San ,"Kalo gaji menteri tak pernah dipotong, yg korban hanya Rakyat saja",1
lim chunhua ,"Kalau Di Singapore Potongan Gaji Nama Nya CPF, Yg Saya Tau Dulu Dari Karyawan 20% Terus Dari Perusahaan 13% .Total 33% ,Itu Uang Nya Menjadi Tabungan Masa Tua Utk Kita. ,Karyawan.",1
Arjunagemoy ,"kalo bpjs ketenagakerjaan kan ada kartunya tuh, jadi kalo di pecat atau resign bisa di ambil. nah ini gimana?",1
Radenpatya ,ko paksa rakyat,1
abang ,di potong untuk kesejahteraan pejabat,0
akhmads ,Uang nya di Kumpulin Negara... Terus Boleh di Pake Negara... buat apa aja Suka - Suka Negara ? ? ? ? ? ğŸ¤£ğŸ˜‚ğŸ¤£ğŸ˜‚ğŸ¤£ğŸ¤£ğŸ˜‚ğŸ¤£ğŸ¤£,0
bang imam 086 ,peraturan dazzal,0
yudiputra ,"jadi kalo yg udah punya rumah ngak bayar kan pak, soalnya rumah saya sudah ada pak, jadi ngak dipotong dong",0
Alfian Defi ,Rocky Gerung ngakak di pojokan ğŸ˜…ğŸ˜…ğŸ˜‚ğŸ˜‚ğŸ˜‚ğŸ¤”ğŸ¤”,1
edoy Coffee & Baverage ,Tapera kayaknya buat Bayar Hutang Negara yg dipakai IKN....,0
ahmad.ms.212 ,Wowo kan belum jabat,1
cukcuk ,padahal bener loh tabungan buat beli rumah,1
cukcuk ,rumah menteri di IKN tapi,0
anfaka ,hanya mas gibran yg mampu mengatasi semua ini,0
DessyriğŸŒ· ,Tapera= Tabungan Pemerasan RakyatğŸ˜‚ğŸ˜‚ğŸ˜‚,0
kopi-manis ,penyesalan slalu ada di belakang 02,0
selalu_ada ,Rocky Gerung ketawa ngakak.,1
hadiriota ,mantaaap bosss efek makan gratissssss,0
"umy,,82 wati ","kemaren UKT udah reda sekarang potong gaji ,,besok apa lg",1
Arev Alexa ,ujungÂ² nya buat IKN & makan gratisğŸ˜†,0
Erna Wati Dewi48 ,nyesel banget mana beras mahal bawang mahal .ni lagi ada potongan mana gaji cumn 3juta lagi,1
Good mood ,"Kaum 58% emang mau melanjutkan, yah beginilah jadinya tiap hari akan terasa sangat berat untuk kalangan menengah kebawah",1
boy 007 ,kata anggota DPR memperjuangkan nasib rakyat kalau memang benar seperti itu kenapa tidak diterapkan saja hukuman mati untuk koruptor bener nggak tuh,1
kabul ,"sabar mba itu ambisi lurah
Tapera itu buat nambal ikan",0
ozwie22 ,kebijakan nya muncul setelah pemilu....ğŸ˜‚,1
Lina Lina ,bpjs bayar tiap bulan belum yg lain lain trus kalau yg gontrak bayar perbulan trus uang jabis makan aja sebulan satu juta lebih kalau irit,1
Deandra. ,Kerajaan dinasti mang jokowerğŸ˜¹,0
#SASUKE UCHIHAğŸ—¡ï¸ ,gaji UMK sdh di potong ini itu... sekarang di potong lagi...,1
arkana ,ğŸ˜‚ğŸ˜‚lah bang kan mrk yg mendukung u melanjutkan,1
kucissikucing ,"betulll dulu juga gitu pas bpjs hanya bisa diambil stelah umur 55,demo baru dibatalinnn",1
user7405659039302 ,bekerja keras untuk menghasilkan uang,1
mas ndro ,"tenang mas itu semua ada hisabnya kelak,,kita masih bsa cari rejeki yg berkah,,,Allah gk tidur,,",1
AnggaPrtma ,Tapera(tabungan pemerasan rakyat),0
Efri Al-Faqir 86 ,tapera tuk menutupi hutang pasca pemiluğŸ˜…,0
Vandy_Hong ,"hidup kuli bangunan,,tanpa ada potongan ğŸ¤­âœŒï¸",0
FIAN ,Nyari kerja ajaa susah dapet interview suruh bayar ini ituu malah ada kek gini lagi.. Pindah planet absen yokkğŸ—¿ğŸ—¿,1
Daniel Ady P ,Penguasa di indonesia paling enak dan lepas dr hukum ğŸ˜‚,0
mototrend ,kerjaan 02 tuh,0
Bintang KejoraShop ,aku kerja kena potong'n pajak 5% ech ini m di potong lagi buat apera ğŸ˜­ saya ga ada gaji pokok pak terus saya bakal terima gaji brapa pak ğŸ˜­,1
appaaaa ,di suruh pilih pendidikan gratis malah pilih makan siang gratis ya udh jogeti aja okgas ok gassssğŸ˜‚ğŸ˜‚ğŸ˜‚ğŸ˜‚,0
brainstew ,Kok yang diomongin pak anis ini semakin jadi kenyataan semua ya dari angin cuti suami terus ini ??,1
Dika. ,"Bner lgi yg ekonominya ditengah tengah bingung juga kalo mau daftar beasiswa, miskin kagak org kaya pun nggk",1
Rafasstt ,Buset 9 JT jadi 52 jt ğŸ˜­,1
zidah ,cuma pak Anies yg perduli dgn pendidikan anak anak Indonesia,0
ê§à¼ºâ¤ï¸iin_woaiâ¤ï¸à¼»ê§‚ ,dk usah kuliah ijazahnya beli sja presiden sja beli kok,0
Okta ,Pdhal sangat berharap pak anies memimpin negeri ini agar kami kaum menengah bisa ikut merasakan kebijakan beliau yg jg memikirkan kaum menengah ğŸ˜­,1
kusna730 ,hanya pak Anies Baswedan yang faham kebutuhan rakyat Indonesia,0
SPAL SPIL ANAK MURCE ,cuma Pak Anies saja yg sampai pemikirannnya pada orang2 yg kelas mengah ke bawah. kalo yg bawah sekalian dpt bnyk bntuan.ğŸ‘ğŸ‘ğŸ‘,0
Fan pro1902 ,gak perlu kuliah pak ijazah gak jelas bisa kok jd kepala ğŸ˜ğŸ˜ğŸ¤­ğŸ¤­,0
jendral_jaguarğŸ…ğŸ…ğŸ‡®ğŸ‡©ğŸ‡®ğŸ‡©ğŸ‡®ğŸ‡© ,bisa jadi mahasiswa banyak yg pilih pak Anies yg jdi masalah kan permainan angka di sirekap pertanyaan nya bisa gak bongkar permainan angka di sirekap,1
ariexx ,"dan mayoritas pemilih 02 adalah anak2 milenial & gen z , miris tp itu knyataan yg harus dijalan brsama",1
@17ichsan74 ,mareka ketika pmilu tdk mau dgn ide pk Anies,1
sasasy ,pak aniess relate banget kata2 pak anies.. kaum menengah susah dpt bantuan. ini dilema aku dlu saat masih mahasiswağŸ˜­,1
Nurima15 ,kemarin di tawarin sekolah gratis ngak mauğŸ¤£,0
Nine NY ,"Semoga Pak Prabowo ada solusi yg tidak memberatkan rakyat, Pak Prabowo harus bnr2 ada gebrakan yg luar biasa dr presiden sblm2nya. secara udh 3x nyapres, kita liat hasilnya ğŸ™ğŸ™ğŸ™",1
Thomasville ,pak Prabowo kan mau melanjutkan,1
YudHa1st ,"emg bener, gw yg dri golongan tengah utk pendidikan empot empotan bgt, ikut program miskin tpi ga miskin, dibilang byk duit jga engga, engap bgt utk pendidikan di golongan tengah itu ğŸ˜­ğŸ˜­",1
cham ,ini dampak uturan KEmenristek dikti yg berlaku skrg raisio dosen dikepres menjadi 1=20. perlu di evaluasi,1
kemarin ngapain? ,asli. saya full beasiswa riau. tess sih tapi terimakasih pemda riau. tanpa kalian tidak akan ada sejarah baru keluarga kita kuliah d UGM ğŸ™ğŸ»,1
firar2368 ,pedulinya terhadap pendidikan untuk mencerdaskan bangsa. masyaAllah. barokallah abah anis,1
diroanindita ,"nah ini pas banget, dikira kita kaum tengahÂ² ga bingung apa? jangankan kebutuhan pendidikan, kadang kebutuhan mendasar aja harus fight berdarah darah",1
mpa01 ,udah menjadi pilihan.. makan gratis bukan sekolah gratis,1
adaaja90 ,benar pak anak pns jadi gak kuliah uktnya mahal dan gak boleh dapat beasiswa ğŸ˜”ğŸ˜”,1
Oppie Can ,Dan akhirnya hanya orang kaya yg bisa JD sarjana ğŸ˜­ğŸ˜­ğŸ˜­ğŸ˜­,0
jambu merah ,blm lagi listrik 450 dan 900watt mau diganti semua .bayangkan.....,1
no name ,bingung w kudu kasian atau senang... titip salam buat org tua kalian... inilah pilihan kalian yg memilih keberlanjutan program 02... sekali lagi selamat menikmati 5-10-15 tahun kedepan â˜ºï¸â˜ºï¸â˜ºï¸,1
N451R ,bnr ekonomi mengah k bwh yg susah,1
Tiara Maulidah855 ,gara2 PTNBH ini mah,1
evifatmi465 ,sama saja ukt mahal,1
aliamran1272 ,"Mahasiswa baru sekalipun tidak mempertimbangkan kondisi kemampuan ortu saat ini,kalau utk Nadiem Makarim mungkin cocok karena pengusaha",1
king ,anak tahun 2006 selalu menjadi korban percobaan,0
Ini Aini ,"Nadiem itu pengusaha kok bisa2nya jadi mendikbud, tau kan pengusaha itu carinya apa???",1
Hans Bedy ,katanya Freeport sdh milik kita 60% lebih... koq biaya pendidikan makin mahal ???,1
â™¤â™¤s.u.l.i.sâ™¤â™¤ ,anak baru bakal takut kuliah dan ortu bakal keberatan jika anak memilih kuliah. apa jalan keluarmya pak mentri?,0
ani ,intinya setelah pemilu semua naik efek joget,0
MarQcoB ,"hanya berlaku bagi mahasiswa baru...kalo begitu nanti kalo mhs baru pada mundur karena ndak sanggup krn tingginya biaya ukt, bgmn, pak? ğŸ˜Œ",1
Chichaasrin ,"hai pak anak kami baru mau masuk kulia, kalau UKT nya mahal bagai mana, kami ini bukan orang kaya.",1
KUCING.HITAM.ID ,"jadi pointnya adalah pembatasan untuk pendidikan itu nyata, sehingga yang tidak mampu tidak pantas mendapat pendidikan",0
syafagaya ,"justru itu pk Mentri, bagaimana mahasiswa baru mau sekolah klu UKT naik sangaaaaaat mahal.",1
mum03 ,meskipun HANYA...artinya generasi saat ini kedepan akan banyak yg berhenti sampai SMA krn gak bisa kuliah...trus indonesia emas dari mana pak..ğŸ˜­ğŸ˜­ğŸ˜­,1
srihastuti_7944 ,Maba byr UKT tinggi klau ortunya gk mampu ya gk jd kuliah to pak mentriiii,1
Zinnu Rain ,menteri pengusaha ya begini,1
ggrizkiya ,"mau baru mau lama harusnya ga tebang pilih , pemerintah wajib mencerdaskan bangsa",1
Kadep Sakali ,menteri ojol,0
pretty nike ,"aduh bapak....., anak saya th ini mw masuk kuliah ğŸ˜­ğŸ˜­ğŸ˜­ğŸ˜­. tp kenpa harus naik 100%",0
melati ,"orang miskin dilarang kuliyah,yg kuliyah orang Kya yg banyak uang ğŸ˜­",0
Maulidiabahri Suho ,pak jokowi .bagai mana mo kuliah sj harus bayar mahal bagaimna anak bangsa mau maju mo sekolah sj Mahal,1
Bill ,"ya trusss kenapaaa?? tinggi tinggi ajaa, mahasiswa baru jugaa punya keterbatasan pembayaran UKTğŸ˜­ğŸ˜­ğŸ˜­",1
indah novita ,"justru itu, mahasiswa baru jadi bayarnya mahal.gmn sih",1
Cahyo Abimanyu ,program pilihannya bunda ..58%setuju era keberlanjutan....paham kaan,1
Elfi Yanti ,yang kuliah hanya anak pejabat dan pengusaha saja. kami yg miskin tidak boleh kuliah kalau jadi kuli baru bolehğŸ˜¢ğŸ˜­ğŸ˜­,0
aswad76 ,semakin banyak dana APBN untuk pendidikan makin mahal biaya pendidikan,0
Alifdonie_H2aD ,laaah kalo mahasiswa baru suru bayar sebesar itu ya tahun tahun berikutnya ga akan ada yg mendaftar lg karna tau kalo mau masuk itu mahal jadi judulnya ya samaaa ajaaa pak generasi baru ga kuliahğŸ˜ŒğŸ˜”,0
darmiati ,emangnya mahasiswa baru mampu semuanya pak contohnya ia udah keterima undangan di perguruan tinggi tapi orang tuanya cuma pensiunan berapalah gajinya untuk makan ya susahh ditambah UKT nya mahal,1
andi kamillyya waffa ,terus mahasiswa baru itu.... orang yg punya uang semua..... ya,0
mudiiiiiiğŸ˜ğŸ˜ ,"saya rasa justru MASALAH nya disitu,akibat beban ukt yang meningkat inilah yang membuat beberapa pihak orang tua tidak sanggup menguliahkan anak nya-",1
garcia ,hanya berlaku untuk mahasiswa baru? HANYA? HANYA? HANYA?!!!! HANYAAAAA!???!!!!,1
Mr Rimba ,"ya sama aja tho bozz, mau yg baru apa yg lama .. UKTnya mahaaaal",1
ikasusanti518 ,mahasiswa yg menjumpai DPR RI juga bilang kan pak..klu mereka memperjuangkan buat adik2 yg mau masuk,1
Babeh Motekar ,yang jadi sorotan / masalah itu UKT nya jadi mahal om mentri,1
Jhony ,berarti yang tamat SMA cukup bermimpi untuk Kuliah..tamat SMA langsung Auto kerja di Indomaret/ alfamart maksud nya di suruh..ğŸ˜‚ğŸ˜‚ğŸ˜…ğŸ˜…ğŸ˜…ğŸ˜…,0
dewi ,otak bisnis,0
aas ,Mencerdaskan kehidupxn bangsa kaum kaya....ğŸ˜ğŸ˜ğŸ˜ğŸ˜,0
Seli. kriselğŸ‡²ğŸ‡¨ğŸ‡µğŸ‡¸ ,"Kuliah mahal, mo nyari kerja susah, trs harus jd pengangguran semua gituğŸ¤”ğŸ¤”",0
EBO-LD Bin Husein ,negara lain yg ada malah gratis pak,0
Bang Syafri@99 ,Hanya itu yg jdi prtnyaan bos..brarti intinya rkyt indonesia ngga boleh pintr ya nadimğŸ˜…,0
á—¢ ,"org yg angkatan sebelumnya banyak yg tidak bisa kuliah bahkan putus kuliah karena kendala biaya. skrg malah naik drastis, apa ga makin banyak anak""--",1
AlamLestari ,mohon Program KIP-k benar2 dikawal biar tepat sasaran...karena KIP-k sangat bermanfaat bagi keluarga prasejahtera,1
username ,"katanya kuliah cuma kebutuhan tersier????
ğŸ˜…ğŸ˜…ğŸ˜…",1
HAYNA ,iya itu UKT knp mahal skrng,1
Tohang Waxtap ,mahasiswa baru juga bukan org kaya yg sudah banyak duitnya,1
musi musi ,"g semua mahasiswa baru itu kaya raya pak, ğŸ™
mohon diperhatikan kembali pak.",1
abdus ,rektor UNRI lagi pargoy,1
akun partai ,"kuliah mahal, sedangkan lapangan pekerjaan masih sedikit! kekmana ini?",1
RF ,"Mhsw lama atau baru kan sama aja, kalau yg lama tgl bbrp smt lg kan kasihan kalau harus terhenti karena biaya. Sedangkan yg baru kan kasihan kalau gagal kuliah karena gak mampuğŸ˜­ğŸ˜­",1
pip ,Tidak semua mahasiswa baru anak orang kaya pak,1
zen ğŸ’ ,tapi kan Bapak yg baru masuk sekarang banyak yg berjuang dr kalangan menengah kebawah,1
